100001,1000011,2016-05-06,Inpatient Hospital Care,ROOM AND BOARD,1000.0,600.0,400.0,40% AFTER DEDUCTIBLE,92220.0,92220.0,,,ANNUAL DECUCTIBLE  (INDIVIDUAL) met, plan pays 40.0%
100001,1000011,2016-05-07,Inpatient Hospital Care,ROOM AND BOARD,1000.0,600.0,400.0,40% AFTER DEDUCTIBLE,92820.0,92820.0,,,ANNUAL DECUCTIBLE  (INDIVIDUAL) met, plan pays 40.0%
100001,1000011,2016-05-08,Inpatient Hospital Care,SURGERY,4000.0,2400.0,1600.0,40% AFTER DEDUCTIBLE,95220.0,95220.0,,,ANNUAL DECUCTIBLE  (INDIVIDUAL) met, plan pays 40.0%
100001,1000011,2016-05-08,Inpatient Hospital Care,ROOM AND BOARD,1000.0,600.0,400.0,40% AFTER DEDUCTIBLE,95820.0,95820.0,,,ANNUAL DECUCTIBLE  (INDIVIDUAL) met, plan pays 40.0%
100001,1000016,2016-10-12,Prescription Drugs,GENERIC,61.4,0.0,0.0,,0.0,0.0,E0001,Policy holder does not exist,
