100001,1000011,2016-05-06,Inpatient Hospital Care,ROOM AND BOARD,1000.0,600.0,400.0,40% AFTER DEDUCTIBLE,96420.0,96420.0,,,ANNUAL DECUCTIBLE  (INDIVIDUAL) met, plan pays 40.0%
100001,1000011,2016-05-07,Inpatient Hospital Care,ROOM AND BOARD,1000.0,600.0,400.0,40% AFTER DEDUCTIBLE,97020.0,97020.0,,,ANNUAL DECUCTIBLE  (INDIVIDUAL) met, plan pays 40.0%
100001,1000011,2016-05-08,Inpatient Hospital Care,SURGERY,4000.0,2400.0,1600.0,40% AFTER DEDUCTIBLE,99420.0,99420.0,,,ANNUAL DECUCTIBLE  (INDIVIDUAL) met, plan pays 40.0%
100001,1000011,2016-05-08,Inpatient Hospital Care,ROOM AND BOARD,1000.0,600.0,400.0,40% AFTER DEDUCTIBLE,100020.0,100020.0,,,ANNUAL DECUCTIBLE  (INDIVIDUAL) met, plan pays 40.0%
100001,1000016,2016-10-12,Prescription Drugs,GENERIC,61.4,0.0,0.0,,0.0,0.0,E0001,Policy holder does not exist,
