100001,1000011,2016-05-06,Inpatient Hospital Care,ROOM AND BOARD,1000.0,600.0,400.0,40% AFTER DEDUCTIBLE,24600.0,24600.0,,,ANNUAL DECUCTIBLE  (INDIVIDUAL) met, plan pays 40.0%
100001,1000011,2016-05-07,Inpatient Hospital Care,ROOM AND BOARD,1000.0,600.0,400.0,40% AFTER DEDUCTIBLE,25200.0,25200.0,,,ANNUAL DECUCTIBLE  (INDIVIDUAL) met, plan pays 40.0%
100001,1000011,2016-05-08,Inpatient Hospital Care,SURGERY,4000.0,2400.0,1600.0,40% AFTER DEDUCTIBLE,27600.0,27600.0,,,ANNUAL DECUCTIBLE  (INDIVIDUAL) met, plan pays 40.0%
100001,1000011,2016-05-08,Inpatient Hospital Care,ROOM AND BOARD,1000.0,600.0,400.0,40% AFTER DEDUCTIBLE,28200.0,28200.0,,,ANNUAL DECUCTIBLE  (INDIVIDUAL) met, plan pays 40.0%
100001,1000016,2016-10-12,Prescription Drugs,GENERIC,61.4,0.0,0.0,,0.0,0.0,E0001,Policy holder does not exist,
